director,films,avg_rating,avg_votes,total_revenue,avg_popularity
Tosca Musk,3,8.38,1691.33,0,4.95
Charlie Chaplin,5,8.19,2865.6,26500000,6.73
Sergio Leone,6,8.11,5105.0,79280118,10.65
Paul Dugdale,4,8.1,257.75,15,2.89
Akira Kurosawa,13,8.05,1328.31,135548320,6.0
Yasujirō Ozu,3,8.03,664.67,0,3.52
Kazuya Tsurumaki,3,8.02,1282.33,134567049,7.73
Isao Takahata,3,7.98,3222.33,25681898,3.32
Satoshi Kon,4,7.97,2113.25,2275632,7.33
Mamoru Hosoda,3,7.97,2091.67,108454826,6.11
Ettore Scola,3,7.95,578.0,0,2.88
Pete Docter,4,7.95,18973.0,2294392639,18.05
Hayao Miyazaki,12,7.94,6296.0,1414550485,12.63
Giuseppe Tornatore,6,7.94,2249.33,95100813,10.18
Federico Fellini,6,7.93,1415.0,20399045,3.64
Haruo Sotozaki,3,7.93,1835.0,1257052926,48.47
Andrei Tarkovsky,5,7.92,1384.6,460248,6.6
Miloš Forman,3,7.9,5603.67,214302438,9.33
Billy Wilder,9,7.88,1769.67,115700000,5.09
Kenji Nagasaki,3,7.87,991.0,104465253,5.29
Ingmar Bergman,11,7.87,1126.82,7820151,2.58
Quentin Tarantino,11,7.84,15880.09,1957902482,14.09
Brad Bird,3,7.84,14420.33,1278468092,13.85
Frank Capra,5,7.82,1781.8,31177225,4.83
Walter Salles,3,7.82,1168.67,99621504,3.48
Hirokazu Kore-eda,5,7.81,1021.6,20325446,5.05
Dean DeBlois,4,7.8,8599.5,2293018396,14.63
Vittorio De Sica,4,7.79,1094.75,13321620,2.45
F. W. Murnau,4,7.78,1016.25,1660194,3.13
Damien Chazelle,3,7.78,13376.33,665204238,14.76
Christopher Nolan,9,7.78,17904.0,4589710495,16.55
Thomas Astruc,5,7.77,552.4,0,5.08
François Truffaut,3,7.77,1335.67,850000,2.65
David Lean,4,7.77,1924.5,226766363,5.03
Alex Kendrick,5,7.76,473.6,157890790,4.84
Francis Ford Coppola,8,7.76,7891.62,934704038,15.14
Stanley Kubrick,12,7.76,6899.92,463646743,9.39
Fritz Lang,5,7.75,1375.8,4334096,3.4
Jay Oliva,3,7.75,1568.33,5155325,4.23
Peter Jackson,8,7.73,14098.25,4614758571,16.48
Makoto Shinkai,5,7.72,4032.2,599417893,10.14
Frank Darabont,4,7.72,13801.5,372613063,19.71
Alfred Hitchcock,16,7.72,3140.75,138828243,5.68
Roberto Rossellini,3,7.7,580.33,1000000,1.81
Oriol Paulo,3,7.7,2772.0,47325485,5.39
Ernst Lubitsch,4,7.7,597.25,3779000,2.96
Denis Villeneuve,8,7.7,11094.75,1805450979,15.68
Michelangelo Antonioni,3,7.7,671.67,0,1.86
Jean-Pierre Melville,4,7.66,749.75,1121378,2.46
Elia Kazan,3,7.66,1344.33,22600631,4.48
Emir Kusturica,3,7.66,673.0,535868,1.98
Byron Howard,3,7.65,13472.33,1879276109,17.95
Sidney Lumet,8,7.65,2685.25,179066229,6.47
William Wyler,7,7.64,1121.14,210550000,5.57
James Cameron,9,7.63,13865.11,10279808614,49.33
Krzysztof Kieślowski,5,7.62,1202.6,8928085,3.08
Luis Buñuel,5,7.61,549.4,792087,2.31
Rob Reiner,8,7.6,4293.75,666330111,8.12
Mamoru Oshii,4,7.6,1457.0,20079829,4.87
Martin Scorsese,21,7.59,7226.24,2229037055,8.65
Taika Waititi,3,7.59,9361.0,885501806,8.25
Joseph L. Mankiewicz,4,7.59,892.75,71931833,3.83
Matt Peters,3,7.58,457.67,0,3.99
Gérard Oury,3,7.57,1078.33,57000000,3.18
Hiromasa Yonebayashi,3,7.57,1991.0,226779659,5.82
Orson Welles,5,7.56,1863.8,27124352,3.68
Ethan Spaulding,3,7.55,640.67,0,5.2
Jon Watts,3,7.55,20569.67,3935548522,40.35
Stanley Kramer,4,7.55,743.75,128666667,3.76
Wes Anderson,8,7.55,6029.62,521573941,6.37
Shunji Iwai,3,7.54,213.0,6776921,4.29
Alejandro Amenábar,4,7.53,2555.5,256752302,4.4
Tom Hooper,3,7.53,6909.67,921047858,7.67
Wong Kar-Wai,6,7.52,1580.17,105150461,6.84
Paolo Sorrentino,4,7.52,1645.25,36427862,2.53
Jonathan Demme,3,7.51,8052.67,575527326,4.38
Joe Russo,5,7.51,16223.2,3922682050,18.17
Park Chan-wook,7,7.5,2710.0,112428537,8.37
James Whale,3,7.5,1270.33,14027105,4.8
Michael Haneke,3,7.5,1384.33,48218865,3.91
Ken Loach,3,7.49,948.67,38693051,2.96
Takeshi Kitano,5,7.49,670.4,34255756,5.38
Pedro Almodóvar,5,7.48,1483.8,273636479,2.96
Don Hall,3,7.48,8221.33,838164986,13.08
Joachim Trier,3,7.48,1050.67,36169172,5.48
Dan Trachtenberg,3,7.48,5799.33,110216998,11.04
Thomas Vinterberg,3,7.48,2217.0,18300000,4.36
Peter Weir,6,7.47,6696.17,869281909,9.11
Gina Prince-Bythewood,3,7.47,1125.0,165243069,5.04
Franklin J. Schaffner,4,7.46,1826.5,175656624,5.37
Kleber Mendonça Filho,3,7.46,754.67,22828332,5.27
Jeffrey Lau Chun-Wai,3,7.45,225.33,5930268,4.81
Martin Brest,3,7.45,4716.67,593400578,8.66
Bong Joon Ho,5,7.45,8373.0,592382594,14.34
David Fincher,11,7.45,12910.91,2143841622,12.61
Destin Daniel Cretton,3,7.45,4197.33,455976989,6.44
Stephen Daldry,3,7.45,3091.67,327028966,5.52
George Cukor,4,7.44,817.25,87961442,4.05
David Yates,6,7.44,16657.83,5230089022,15.32
Wim Wenders,4,7.44,1037.0,10394078,3.77
Baz Luhrmann,3,7.43,3394.0,349976078,6.89
Alfonso Cuarón,7,7.43,7798.43,1683827558,8.05
Trey Parker,3,7.43,1221.0,83137864,3.58
Roman Polanski,8,7.43,3291.38,294539395,6.66
Nicholas Ray,3,7.42,880.67,17900000,4.04
Cary Joji Fukunaga,4,7.42,2801.75,823044056,5.88
Wilson Yip,3,7.42,2819.33,215100000,3.0
Jean-Marc Vallée,3,7.42,4001.33,63795465,4.94
Michael Curtiz,7,7.41,1220.71,22890888,3.74
Richard Brooks,3,7.41,529.0,30577875,3.99
Richard Linklater,8,7.41,3264.12,227308144,6.02
David Lynch,9,7.41,3288.44,122490474,6.44
Alejandro G. Iñárritu,4,7.41,7379.25,749617644,6.24
John Frankenheimer,4,7.4,1035.5,88292101,3.56
Sydney Sibilia,4,7.39,1141.0,1174797,0.93
Richard Attenborough,3,7.39,1535.0,137981148,5.06
Ron Clements,5,7.39,6793.6,1362748066,8.14
Penny Marshall,3,7.39,2788.0,336463825,6.16
Jim Sheridan,4,7.38,1974.25,170482781,4.77
William Friedkin,6,7.37,2107.33,510813164,5.38
Werner Herzog,5,7.37,963.2,7214184,2.77
Shigeyasu Yamauchi,3,7.37,763.0,45158982,4.71
Norman Jewison,5,7.36,1013.0,331333652,4.65
John Carney,4,7.36,2018.75,97835035,3.96
Paul Thomas Anderson,8,7.36,3854.88,493630482,9.28
Paul Greengrass,4,7.35,6360.5,1026416166,6.36
Howard Hawks,10,7.35,761.4,53705885,4.4
Steven Spielberg,28,7.34,8432.39,9615138858,9.43
Joel Coen,12,7.33,4959.17,511272149,6.84
Bernardo Bertolucci,4,7.33,1764.25,95515674,5.74
Masaaki Yuasa,4,7.32,247.0,520740,3.83
Spike Jonze,5,7.32,4982.2,203155763,6.14
Pier Paolo Pasolini,3,7.32,1077.33,1800000,3.54
Ryan Coogler,4,7.31,10758.75,2752053518,16.88
Michael Moore,3,7.31,1321.67,282502986,6.54
Woody Allen,10,7.31,2110.9,389862071,3.95
James Gunn,8,7.3,10057.12,3281643827,12.97
Brian De Palma,9,7.29,4661.33,871192220,7.82
Gary Trousdale,3,7.29,7016.33,936321345,9.1
Ben Affleck,3,7.29,5114.0,357000000,6.44
Wolfgang Reitherman,4,7.28,5168.5,624200000,7.31
Kevin Macdonald,6,7.28,1107.83,159290638,3.49
Clint Eastwood,18,7.28,3811.56,2139441583,5.79
Fred Zinnemann,5,7.28,720.8,82906255,4.32
Lars von Trier,7,7.27,2155.14,98675110,5.85
Gus Van Sant,3,7.27,5412.67,282782004,8.1
John Ford,11,7.26,673.09,21844757,3.36
Jean-Jacques Annaud,4,7.26,2784.75,310647042,6.52
Masahiko Murata,3,7.26,567.67,33702437,4.9
Martin McDonagh,3,7.26,4425.67,116869519,6.03
Sam Mendes,7,7.26,9262.14,3145740356,8.46
Mel Gibson,4,7.26,5879.25,992637195,20.27
Russell Mulcahy,3,7.25,1213.0,12900000,5.13
Kenji Kodama,4,7.25,214.75,72991745,4.7
Jean-Luc Godard,5,7.25,863.0,207374,3.01
Edgar Wright,6,7.24,7554.67,485485410,10.83
Louis Malle,3,7.23,690.33,35806229,3.03
Taylor Hackford,5,7.23,2965.2,458212195,7.76
Matt Reeves,4,7.23,10340.0,2144903633,12.09
Jim Jarmusch,6,7.22,952.83,23214102,4.5
Robert Wise,3,7.22,2246.0,427410529,6.38
Alan Parker,9,7.22,1250.89,206309329,4.06
George Tillman Jr.,4,7.22,1887.5,183367282,4.69
Garth Jennings,3,7.22,5776.33,1147054364,9.02
Terry Gilliam,5,7.22,5399.0,300558811,6.4
Hajime Kamegaki,3,7.21,565.67,23862666,4.41
Paul King,3,7.21,3767.33,1250747882,8.62
Gaspar Noé,3,7.21,2042.67,8203030,6.36
Rian Johnson,3,7.21,12288.0,1660596750,19.67
Otto Preminger,4,7.2,685.75,33820291,5.02
Joseph Kosinski,4,7.2,7976.0,2210569060,13.12
Chris Columbus,8,7.2,11000.38,3402357208,11.31
Blake Edwards,4,7.19,1598.0,52478107,5.09
Yorgos Lanthimos,6,7.18,3556.33,281531160,7.8
John Hughes,5,7.18,3772.8,289364490,6.28
Andrew Adamson,3,7.17,12254.67,1653656602,16.78
George Lucas,5,7.17,13707.4,3339113893,11.14
Robert Redford,4,7.16,1007.5,309913399,4.21
Don Siegel,6,7.16,1358.67,102430381,4.25
Tsutomu Shibayama,3,7.15,39.33,44500000,4.35
Stanley Donen,5,7.15,1293.8,44319570,4.88
John Lasseter,5,7.15,13534.2,2283627777,15.63
Michael Radford,3,7.15,1153.33,48250079,5.41
John Huston,11,7.14,783.0,109558957,3.42
Christopher McQuarrie,4,7.14,6248.25,2070909128,14.0
Darren Aronofsky,6,7.13,7477.0,821343107,7.23
John McTiernan,7,7.13,5388.57,1128953903,8.55
John Sturges,6,7.13,1059.17,38473000,4.59
Kim Jee-woon,5,7.12,1808.2,21666357,5.1
George Stevens,3,7.12,543.67,68355818,4.34
James Mangold,9,7.11,5328.33,1862094276,9.02
Robert Altman,5,7.11,945.6,198130124,4.62
David Frankel,4,7.11,5897.25,681834829,28.11
Oliver Hirschbiegel,3,7.11,2379.67,146135028,4.45
Clyde Geronimi,5,7.11,6229.2,762800000,8.99
Kenny Ortega,5,7.11,2621.6,312867513,5.85
Craig Gillespie,4,7.11,3637.25,317599781,8.82
Anthony Minghella,3,7.1,2814.67,533788199,5.95
Spike Lee,6,7.1,2100.0,292827092,4.88
Luca Guadagnino,5,7.1,4037.2,165964290,7.31
Matthew Vaughn,5,7.1,8113.8,1100551686,8.3
Zhang Yimou,7,7.1,1813.29,884404267,5.82
Guy Ritchie,10,7.1,5852.1,1103622487,8.21
George A. Romero,3,7.1,2235.67,132310585,5.45
Mike Newell,4,7.1,9237.0,1602897306,9.85
Duncan Jones,3,7.09,7489.0,590769984,7.63
Arthur Penn,5,7.09,635.8,118059552,3.58
Isaac Florentine,4,7.09,599.25,229500100,16.25
Gregory Hoblit,5,7.09,2550.4,319595976,6.51
Michael Powell,3,7.09,501.33,833957,3.07
Robert Zemeckis,17,7.09,8078.47,4242621244,9.38
Ang Lee,9,7.08,3879.44,1488911599,7.08
Wong Jing,3,7.07,263.33,4762337,5.31
Jackie Chan,7,7.07,717.86,266907483,5.66
Danny Boyle,8,7.07,5871.62,929313791,8.39
Roger Michell,3,7.07,2291.67,369159435,4.9
Sam Peckinpah,5,7.06,661.2,94882260,5.04
Barry Levinson,6,7.06,2784.67,681368082,5.94
Robert Mulligan,3,7.06,1086.33,15983647,4.28
Adam Wingard,3,7.06,5940.33,1056213110,10.97
Marc Forster,4,7.06,8039.5,1351585329,10.96
Ari Aster,3,7.05,5926.67,148631990,10.59
Gary Ross,4,7.05,8854.75,1066554661,6.56
Robert Eggers,4,7.05,5412.5,310084034,9.75
Jonathan Lynn,3,7.05,1945.33,185108166,5.36
Chris Buck,3,7.05,9165.0,1871419009,12.26
John Hillcoat,3,7.04,2750.67,88088205,5.46
Joe Wright,6,7.04,4358.5,636971568,7.48
Enzo Barboni,3,7.04,870.0,2100000,2.99
Stephen Chow,4,7.04,1638.0,914258275,8.88
Kathryn Bigelow,5,7.04,2895.4,229851015,5.62
Cameron Crowe,4,7.03,3573.5,644456469,7.05
Kevin Costner,4,7.03,1916.25,548867077,5.8
David Cronenberg,6,7.03,2928.0,204508746,7.88
Yasuichiro Yamamoto,5,7.02,156.8,136207311,4.95
François Ozon,4,7.02,775.0,27514352,4.28
Jeff Wamester,3,7.02,406.33,0,4.06
Sherry Hormann,3,7.02,560.0,21360417,5.95
Terrence Malick,7,7.02,1614.86,191671705,4.09
Boaz Yakin,3,7.01,2224.67,221617342,6.39
David O. Russell,4,7.01,6813.25,724775129,7.45
Tim Burton,14,7.01,8385.93,3964299858,8.79
Nick Cassavetes,5,7.01,3803.4,345959645,7.11
Jennifer Yuh Nelson,3,7.0,5761.67,1228005485,9.48
Lasse Hallström,6,7.0,2511.5,630161695,5.96
Randall Wallace,4,6.99,1964.25,459260784,5.01
Francis Lawrence,8,6.99,10507.5,3641923018,12.81
Sofia Coppola,4,6.98,3902.0,221191328,6.84
Mick Jackson,5,6.98,1299.2,541824735,3.98
Sylvester Stallone,5,6.97,4399.6,779843489,6.81
J.J. Abrams,6,6.97,10967.5,4655168567,10.03
Owen Hurley,3,6.97,1171.0,0,4.82
Don Bluth,6,6.97,1972.83,314686418,5.02
Edward Zwick,9,6.97,3951.89,1349614500,8.33
Herbert Ross,5,6.97,755.0,277939493,6.43
Terence Young,5,6.97,2172.4,290100000,5.76
James Wan,8,6.97,7880.5,3672412312,11.15
Mat Whitecross,3,6.97,123.67,383322,2.58
Brian Helgeland,5,6.97,2369.2,417106801,6.85
Richard Donner,13,6.97,2796.46,1820719020,6.42
Oliver Stone,10,6.97,2859.3,1101624457,5.91
Alex Garland,3,6.96,9239.33,206482578,10.22
Tom McGrath,3,6.96,5824.33,1072531399,9.85
Ridley Scott,17,6.96,6686.59,3295275365,10.59
William A. Wellman,4,6.95,171.25,2800000,2.71
Richard Lester,3,6.95,1190.33,227385706,3.96
George Nolfi,3,6.94,2304.0,131200000,6.61
Luis Mandoki,3,6.94,507.33,137204547,3.89
John Carpenter,10,6.93,3049.2,263521957,7.06
Colin Trevorrow,3,6.93,9937.0,2680138741,9.49
Gavin Hood,3,6.93,3009.67,154341786,4.8
Patty Jenkins,3,6.93,10781.67,1052040928,9.75
Guillermo del Toro,10,6.92,6861.9,1244565671,9.13
Gore Verbinski,8,6.92,9281.5,3361898566,15.75
Andrew Stanton,4,6.92,11680.25,1745747396,15.08
Neill Blomkamp,3,6.92,9394.67,601429198,9.55
Bruce Beresford,3,6.91,711.0,186927338,4.09
Albert Hughes,3,6.91,2200.67,202088790,5.26
Anne Fletcher,4,6.91,4117.5,591897742,9.07
Neil Burger,4,6.9,4754.5,379946752,6.36
Ron Howard,17,6.9,4448.29,3844289877,6.34
John Lee Hancock,4,6.9,3462.0,166608571,4.88
Luc Besson,10,6.89,6432.4,1297722416,11.5
Alan J. Pakula,6,6.89,1227.83,670527594,4.79
Yuen Woo-Ping,4,6.88,591.25,76657593,5.22
Mike Nichols,6,6.88,1860.0,529444102,6.81
Raoul Walsh,3,6.88,242.0,8483000,3.01
George Miller,7,6.87,6639.29,1276255302,9.71
Sam Raimi,11,6.87,7127.64,3303990878,35.76
John Singleton,4,6.87,1591.75,286886517,6.12
Tony Scott,13,6.86,3549.38,2137377719,6.99
John G. Avildsen,5,6.86,3843.6,463065153,8.48
Antoine Fuqua,11,6.86,4475.55,1296515602,16.73
John Landis,8,6.86,2654.0,855220149,7.23
Pierre Morel,3,6.86,5041.67,247112771,7.55
Wolfgang Petersen,8,6.86,3765.0,1795087094,7.65
Stephen Frears,5,6.86,1166.4,204717489,3.98
F. Gary Gray,7,6.86,4564.71,1940359462,7.19
Dennis Gansel,3,6.86,2537.67,158080272,8.19
Michael Mann,10,6.85,3271.7,1077631398,6.93
Ruben Fleischer,5,6.85,9477.0,1593628348,9.13
Nancy Meyers,4,6.85,4042.25,941442384,7.28
Mel Brooks,6,6.84,2088.67,321468730,5.14
John Woo,14,6.84,1751.57,1597703391,6.24
Steve McQueen,4,6.83,4504.0,264809002,6.39
Mark Waters,4,6.83,4057.0,397295052,8.27
Robert Aldrich,6,6.83,480.83,54600000,3.94
Ringo Lam Ling-Tung,3,6.83,351.0,47155004,5.33
Sydney Pollack,6,6.83,1342.83,800589372,5.21
Irvin Kershner,3,6.83,7328.0,744081173,7.83
Scott Derrickson,8,6.83,6081.12,1518746831,11.83
Rob Marshall,5,6.82,5567.4,2434174339,8.51
Andrew Niccol,5,6.82,6000.6,323530518,7.37
Len Wiseman,4,6.82,4921.5,728124541,10.21
Paul Verhoeven,7,6.81,3883.14,1026233693,8.01
Jim Abrahams,3,6.81,3162.33,398302528,6.73
Kevin Reynolds,5,6.81,2144.8,776207176,6.33
Cal Brunker,3,6.81,755.33,415302216,6.55
Andy Tennant,3,6.8,3140.0,650228090,5.41
Josh Boone,3,6.8,2017.0,140600213,9.01
George P. Cosmatos,3,6.8,2877.0,422647721,7.94
Phil Alden Robinson,3,6.8,1543.33,383585688,6.59
Corey Yuen,3,6.8,2041.33,47856913,6.03
Harold Ramis,5,6.79,3203.4,439642051,6.04
Kunihiko Yuyama,6,6.79,772.33,481634197,5.15
James Foley,5,6.78,3825.4,766603092,8.16
Carlos Saldanha,6,6.77,5565.33,2857599825,8.88
Leigh Whannell,4,6.77,3923.0,317075754,9.44
Henry Hathaway,5,6.76,346.4,37736629,3.58
James Watkins,3,6.76,1874.33,95621576,6.49
Steven Soderbergh,12,6.76,4265.08,2024673712,6.63
Penelope Spheeris,3,6.76,1281.67,250405605,5.28
Joe Johnston,5,6.76,6164.6,876796081,5.31
Mike Flanagan,3,6.76,4516.67,72385286,6.84
Bradley Raymond,3,6.76,1896.0,9209529,5.89
Adam McKay,3,6.76,3833.67,294774188,5.42
Richard Fleischer,5,6.76,905.2,62862346,4.49
Ted Kotcheff,3,6.76,2374.33,155716055,6.07
Jonah Hill,3,6.76,704.0,9303022,24.27
Julius Avery,3,6.76,2794.0,193645465,6.06
Roger Spottiswoode,3,6.76,2396.33,446996545,5.04
Brad Anderson,4,6.75,2666.5,10682041,10.1
Jon Favreau,7,6.75,10820.71,2694500277,12.2
Doug Liman,8,6.75,6427.38,1458625397,7.74
Alex Proyas,5,6.75,6056.4,774284306,7.76
Andy Muschietti,4,6.75,9773.25,1610650656,12.3
Harald Reinl,4,6.75,126.0,70500000,3.53
Lynne Ramsay,3,6.75,2191.0,31945933,6.67
Mimi Leder,4,6.74,1872.25,554391183,4.68
John Guillermin,3,6.74,661.33,105174529,4.52
Zack Snyder,10,6.74,9657.5,3278128736,9.64
Paul Hoen,6,6.73,563.0,0,3.46
Delmer Daves,5,6.73,174.2,7050000,3.81
Shinji Higuchi,4,6.72,746.25,158493186,5.53
Walter Hill,9,6.72,826.89,176067599,4.27
Hugh Wilson,3,6.72,1663.0,237861914,5.87
Andrew Davis,5,6.72,2084.4,752252900,5.87
Anthony Mann,7,6.72,218.29,45350000,2.86
Adrian Lyne,7,6.71,1641.57,941378060,8.39
John Badham,4,6.71,1473.25,402410945,4.33
Steve Loter,3,6.71,680.33,0,4.44
Cédric Jimenez,3,6.71,823.0,4412639,4.37
Victor Salva,3,6.7,1837.67,122320455,5.56
Tommy Wirkola,4,6.7,2358.75,105043671,46.75
Greg Mottola,3,6.7,4857.33,268800000,8.01
Ted Post,3,6.7,1158.0,65567718,4.77
Kenneth Branagh,7,6.69,5638.57,1404948206,7.88
Michael Bay,11,6.69,5648.36,2730224541,8.31
Scott Cooper,3,6.69,1511.67,60595389,4.82
John Dahl,3,6.69,1205.0,69721749,4.98
Tarsem Singh,3,6.69,2525.67,262695563,5.84
J. Lee Thompson,5,6.69,579.0,141600000,4.12
Lana Wachowski,6,6.68,10185.17,1453385784,12.83
John Madden,4,6.67,1623.25,360532235,3.8
David Ayer,6,6.67,6530.67,1121574809,11.34
Gary Winick,3,6.67,3316.33,327571316,5.64
Gavin O'Connor,3,6.67,3283.33,262154756,6.84
Gary Fleder,4,6.66,2061.0,292397467,6.04
Wes Craven,7,6.66,4347.57,739097517,9.84
Bryan Singer,5,6.66,7753.6,1356291979,9.4
Joe Dante,6,6.65,2437.67,347967302,6.35
Kelly Asbury,3,6.65,2824.0,509459517,6.5
Garry Marshall,6,6.65,3972.0,1316204430,7.72
Brad Silberling,3,6.65,4158.33,695686953,6.17
Todd Phillips,9,6.64,9363.44,3209422930,9.4
Alex Zamm,4,6.64,126.0,0,3.2
Roger Donaldson,7,6.64,1483.43,589341170,5.32
Simon Wells,3,6.63,1820.33,175843541,4.65
Guy Hamilton,6,6.63,1916.5,472149547,5.79
Stanley Tong Gwai-Lai,6,6.63,567.5,232366982,5.63
Sammo Hung Kam-Bo,5,6.62,249.8,20700913,4.47
Iain Softley,4,6.62,2167.75,214665959,5.07
Chris Wedge,4,6.62,5725.0,978689175,8.78
Shekhar Kapur,4,6.62,903.25,197169245,4.21
D.J. Caruso,6,6.62,3956.17,867513138,7.83
Paul Weitz,4,6.61,3890.5,675133589,7.64
Michael Caton-Jones,3,6.61,1067.67,190900000,4.31
Darrell Rooney,3,6.6,2817.67,0,7.34
Andy Fickman,3,6.6,1846.33,205075210,5.22
Mikael Håfström,3,6.59,4102.33,270328301,6.67
Ric Roman Waugh,4,6.59,1539.75,140665962,97.24
Eric Darnell,3,6.58,7626.67,1460743662,10.33
Tom Shadyac,5,6.58,6378.4,1271254511,6.02
Marc Webb,5,6.57,10201.8,1782421680,14.19
Wuershan,3,6.57,287.33,820001702,6.83
Tate Taylor,4,6.57,5023.5,454008597,7.43
Ethan Coen,4,6.57,3397.75,454845237,5.5
Ronny Yu,3,6.57,2097.0,235404927,6.26
Shane Black,3,6.57,10471.0,1391904487,10.24
Jaume Collet-Serra,8,6.57,4449.62,981521669,6.85
Robert Rodriguez,14,6.57,3713.0,1287660023,6.66
James DeMonaco,3,6.57,4123.33,231518175,7.63
J.C. Chandor,4,6.56,2346.75,93587642,7.85
Peyton Reed,5,6.56,10155.8,2046957284,8.45
John Cameron Mitchell,3,6.56,473.67,9217645,4.19
Peter Segal,6,6.55,3737.67,956613312,6.44
Shawn Levy,10,6.55,5627.9,3530828761,10.45
Jon Turteltaub,5,6.55,4751.4,1671317320,7.07
Ben Stiller,5,6.55,4676.4,580794467,5.84
Tom Holland,3,6.55,1833.33,84434405,5.94
William Eubank,3,6.54,1870.67,47904029,5.94
Joel Schumacher,11,6.54,3164.82,1406040540,6.22
Lewis Gilbert,3,6.53,2289.67,507346772,6.43
Ivan Reitman,6,6.53,4089.17,1009747444,6.53
Rawson Marshall Thurber,5,6.53,6240.0,960444741,6.62
Adam Shankman,7,6.53,2518.86,738038486,5.45
Robert Harmon,3,6.52,334.0,64000000,4.58
Kimberly Peirce,3,6.52,2138.33,107538415,4.73
Christophe Gans,3,6.52,2890.67,218835759,8.13
Stephen Herek,6,6.52,1428.17,598733268,4.66
David Dobkin,5,6.51,3198.6,536742875,6.18
Gil Kenan,3,6.5,2770.33,360011575,7.5
Will Gluck,5,6.5,3924.4,731245368,7.37
Robert Luketic,4,6.49,3885.5,721446698,6.99
Joe Carnahan,6,6.49,2324.0,328348520,5.84
Jan de Bont,3,6.49,5023.33,1005018891,6.71
Stuart Gillard,4,6.49,436.5,0,3.45
Barry Sonnenfeld,8,6.48,6384.0,2353895257,7.51
Christopher Landon,4,6.47,3272.75,233723585,6.93
Rob Minkoff,3,6.47,3008.67,700954421,6.25
George Clooney,4,6.46,1797.0,255151090,4.21
Andrei Konchalovsky,3,6.46,935.33,71344626,5.21
Richard Eyre,3,6.46,390.67,49814392,3.07
Kevin Smith,6,6.46,2107.33,149962452,5.33
J.J. Perry,3,6.46,991.0,6113109,7.32
Bill Condon,3,6.45,6543.67,1696857190,16.89
Louis Leterrier,6,6.45,7414.0,1277681091,8.66
Jonathan Mostow,4,6.44,3253.5,735303916,6.89
Martin Campbell,10,6.43,3754.9,2022598307,7.4
David F. Sandberg,4,6.43,3754.0,644287919,8.25
Dean Parisot,4,6.43,2623.75,447059620,5.06
M. Night Shyamalan,11,6.43,6869.91,2674364012,7.59
Michael Apted,4,6.43,2665.5,845023624,5.82
Phillip Noyce,4,6.42,2019.5,661732959,5.34
John Glen,5,6.42,2117.2,882580872,6.38
Andrew V. McLaglen,5,6.42,159.6,32500000,3.25
Jay Roach,6,6.42,3761.0,1523754461,6.39
Peter Farrelly,8,6.41,3055.88,1077353243,29.04
Les Mayfield,3,6.41,1009.67,177701797,4.49
Jeff Tremaine,8,6.4,1078.62,486680831,3.7
David Zucker,4,6.39,3790.75,743770425,8.1
Rob Zombie,3,6.39,1933.67,119312565,5.83
Mike Mitchell,5,6.38,3612.4,1478850442,7.79
Chuck Russell,4,6.38,4387.5,767460092,7.59
Donald Petrie,4,6.37,3257.25,465747661,5.76
Peter Berg,5,6.36,5099.8,1201424619,6.83
Jake Kasdan,3,6.36,4989.0,1036208572,5.69
Tom Gries,3,6.36,147.0,2130000,2.92
Tim Hill,3,6.34,3021.67,550131146,6.5
Roger Kumble,4,6.34,1603.75,134014970,9.65
Burt Kennedy,3,6.33,179.67,6322000,2.42
Catherine Hardwicke,3,6.32,6455.67,492907910,10.81
Jon M. Chu,6,6.32,2408.33,2079049676,10.03
Renny Harlin,7,6.31,2318.71,813630398,5.74
Bille Woodruff,3,6.3,630.33,80181077,4.18
James Wong,3,6.3,4278.33,304459692,8.11
Stephen Sommers,5,6.3,5888.8,1515432223,16.93
Steve Oedekerk,4,6.3,1775.25,390620652,5.07
Lee Tamahori,6,6.3,2153.33,734648593,5.95
Robert Schwentke,5,6.29,6078.0,773820107,7.36
Paul Feig,4,6.29,4511.5,694744499,6.86
Roland Emmerich,11,6.28,5821.27,4003486762,7.49
Keenen Ivory Wayans,4,6.27,4783.75,636347280,14.56
Peter Hyams,4,6.27,1262.0,398728176,4.71
David Gordon Green,3,6.27,2763.0,372046876,5.61
Darren Lynn Bousman,5,6.27,3487.4,497969824,6.03
Dennis Dugan,9,6.26,3629.11,1523195190,7.77
Chris Weitz,3,6.25,5194.67,1099569204,7.58
Seth Gordon,4,6.24,5051.0,561703569,7.41
Frank Coraci,5,6.23,3476.0,564171208,5.65
Daniel Espinosa,3,6.22,4821.0,281128611,6.83
Judd Apatow,3,6.21,4269.0,468900000,6.96
Rob Cohen,5,6.21,2846.6,1018891799,17.91
Simon West,4,6.18,5042.5,820430293,7.69
Jon Amiel,3,6.17,1856.33,318612667,6.31
Patrick Lussier,3,6.16,783.33,41266749,5.51
Sean Anders,3,6.16,2338.0,319261166,6.68
John Hamburg,3,6.15,1975.0,270300000,5.12
Paul W. S. Anderson,8,6.14,3582.62,770008213,6.09
Joseph Ruben,3,6.14,781.0,252638076,4.36
David Yarovesky,3,6.14,1454.67,37871713,5.88
Alexandre Aja,4,6.12,2760.5,316753975,6.68
David R. Ellis,3,6.1,3571.0,336004077,7.33
Brett Ratner,6,6.07,3407.83,1236313919,7.76
Alex Winter,3,6.06,180.67,8377,3.73
Osgood Perkins,3,6.06,1354.67,202311993,8.79
Rob Bowman,3,6.05,2282.0,328030062,4.91
McG,5,6.03,3463.0,894634334,6.63
Steve Miner,5,6.01,1324.2,191097058,4.17
Johannes Roberts,4,5.98,1890.75,177493303,11.78
Jonathan Liebesman,3,5.97,4259.33,747322517,6.81
Tim Story,5,5.94,4419.8,884301887,5.64
Claudio Fäh,3,5.86,588.67,0,5.22
Malcolm D. Lee,4,5.85,1951.5,296210682,5.72
Andrzej Bartkowiak,4,5.85,1325.75,285595359,5.24
Luis Llosa,3,5.8,1551.0,326243001,6.12
Michael Winterbottom,3,5.79,433.67,6296072,6.0
Marcus Nispel,3,5.79,2566.33,262417952,5.97
Eli Roth,4,5.79,2903.25,155355905,5.98
Brian Taylor,3,5.78,3602.0,216263930,6.38
Kim Dae-woo,3,5.77,61.33,0,9.24
Brian Levant,3,5.76,2580.67,618677646,5.4
Don Mancini,3,5.76,1614.0,31038249,5.48
Raja Gosnell,4,5.74,3608.0,1092441979,6.13
Rod Daniel,3,5.54,891.0,80000000,3.91
Tinto Brass,3,5.53,406.33,23400000,6.28
Steven Brill,3,5.47,2316.33,262004971,5.5
John R. Leonetti,3,5.44,3166.0,311292790,5.41
Ivan Lai Kai-Ming,3,5.23,23.33,1201428,8.98
Andy Sidaris,5,4.66,85.8,0,9.12
