release_year,total_films,avg_rating,median_rating,avg_runtime,avg_popularity,total_budget,total_revenue,total_profit,avg_roi
1915,1,5.96,5.96,193.0,3.51,100000,11000000,0.0,
1920,1,7.93,7.93,77.0,2.83,18000,8811,0.0,
1921,1,8.14,8.14,68.0,5.38,250000,5450000,5200000.0,20.8
1922,2,7.38,7.38,84.0,3.52,53000,24194,0.0,
1923,1,7.48,7.48,73.0,2.09,0,0,0.0,
1924,2,7.9,7.9,67.5,3.39,0,0,0.0,
1925,2,7.78,7.78,85.0,4.25,923000,4045100,3077000.0,3.33
1926,2,7.91,7.91,97.5,3.16,750000,1000000,250000.0,0.33
1927,3,7.34,7.81,112.67,3.92,5722000,5586322,-1771678.0,2.21
1928,1,7.99,7.99,81.0,2.14,0,18121,0.0,
1930,1,7.7,7.7,133.0,4.61,1448864,3270000,1821136.0,1.26
1931,4,7.74,7.76,85.25,5.23,2146000,16985274,14804000.0,14.35
1932,4,7.37,7.4,77.75,3.41,1410607,600000,-200000.0,-0.25
1933,2,7.56,7.56,87.5,4.89,1000000,10028886,9329781.0,13.88
1934,4,7.15,7.49,91.5,3.38,551408,5923000,5371592.0,9.07
1935,4,7.13,7.4,97.25,3.29,2343750,6460000,4116250.0,2.68
1936,2,7.93,7.93,91.0,4.6,2075375,2484200,408825.0,0.19
1937,2,7.56,7.56,102.5,3.26,600000,3172885,2400000.0,4.0
1938,7,7.43,7.5,99.86,3.76,6872159,198039587,192240428.0,32.35
1939,10,7.31,7.51,123.0,5.27,20623374,449363823,430340449.0,19.49
1940,8,7.69,7.7,112.5,5.68,9094000,256302819,247708819.0,20.54
1941,6,7.31,7.3,108.0,4.07,4126727,44151885,40025158.0,8.55
1942,4,7.3,7.18,95.75,3.9,2058000,268947150,266889150.0,155.48
1943,3,7.77,7.71,95.0,5.06,1443000,10462500,9584500.0,10.92
1944,6,7.6,7.56,103.67,3.68,6725437,5500000,1962738.0,0.76
1945,6,7.72,7.66,117.5,2.87,5375000,16587957,11431500.0,2.67
1946,11,7.42,7.5,109.73,4.07,11530000,77226124,65696124.0,11.27
1947,6,7.3,7.43,97.5,3.14,4130000,4264609,1334609.0,1.48
1948,10,7.62,7.68,104.9,2.98,11548000,31769159,17536159.0,4.03
1949,5,7.62,7.65,107.0,3.49,2900000,10109098,5983000.0,2.03
1950,13,7.48,7.49,96.85,4.48,7534000,280720221,270818221.0,24.06
1951,9,7.25,7.18,109.22,4.73,20253000,102068000,81815000.0,4.87
1952,10,7.52,7.63,105.0,3.7,8120800,29086889,21679200.0,7.18
1953,14,7.45,7.5,107.5,3.98,17453530,168317000,152124470.0,8.24
1954,17,7.38,7.22,118.24,4.76,44823770,238772646,208649488.0,13.15
1955,17,7.26,7.34,105.35,3.43,11299000,58643401,42678037.0,3.62
1956,15,7.11,7.25,128.6,3.99,41066911,245055818,208058907.0,4.79
1957,15,7.69,7.9,104.53,5.06,12782751,80444679,53296461.0,4.13
1958,13,7.28,7.58,113.85,3.61,13688000,33068112,21318724.0,2.91
1959,13,7.47,7.67,123.31,5.25,33500000,276128193,235825000.0,4.85
1960,22,7.26,7.47,133.86,4.86,52181999,156043866,90105000.0,2.18
1961,22,7.35,7.44,125.18,3.7,59655000,497259324,411445000.0,7.79
1962,26,7.57,7.63,124.23,3.99,94894000,350281502,259306769.0,7.89
1963,18,7.34,7.41,136.06,4.71,80250000,342832387,251954280.0,8.16
1964,20,7.42,7.47,117.1,3.84,54833000,418594299,317161299.0,17.55
1965,16,7.14,7.21,135.19,4.57,69400000,629957316,541690649.0,11.59
1966,21,7.13,7.3,115.76,4.02,25828000,120753555,87897717.0,6.89
1967,19,7.12,7.5,120.79,4.34,72700000,909977237,838461992.0,16.18
1968,21,7.05,7.38,118.33,5.24,66264000,379006706,274288414.0,27.86
1969,20,6.89,6.9,122.95,3.62,93244087,360060699,278167274.0,31.15
1970,22,6.88,7.06,119.05,4.35,88375000,762500991,673873421.0,18.46
1971,24,7.1,7.23,114.75,4.43,44690000,342231268,302378724.0,7.27
1972,21,7.26,7.32,112.95,6.02,42752254,758588955,610789660.0,28.03
1973,32,7.18,7.36,107.41,4.82,73005783,1217437957,1086132524.0,20.04
1974,20,7.41,7.45,117.4,4.71,38180000,538558507,458024547.0,14.5
1975,23,7.08,7.44,113.74,5.34,64525000,974043325,881752647.0,25.3
1976,26,6.99,7.18,118.85,5.22,86920000,738656406,631706406.0,16.85
1977,20,7.03,7.15,107.75,6.08,113480000,1879753325,1657535461.0,20.85
1978,20,7.15,7.3,115.75,6.07,144235000,1402036368,1246995766.0,34.28
1979,24,7.14,7.31,121.17,6.59,222972188,1163765387,912835688.0,20.72
1980,27,6.9,6.75,116.81,6.04,299750000,1686927157,1381377157.0,13.03
1981,27,6.91,7.05,107.22,5.53,221900000,1319786469,1101886469.0,9.08
1982,27,6.96,7.15,116.15,6.31,294762000,1901590489,1573534959.0,7.7
1983,29,6.99,7.01,114.55,5.67,328225000,1849745993,1491979144.0,4.42
1984,43,6.83,6.78,110.7,7.88,435130072,2207892861,1762678075.0,6.86
1985,45,7.0,7.04,109.31,5.62,474420000,2366975965,1870067340.0,7.68
1986,43,6.93,7.06,104.72,6.52,443440939,2117064608,1627790156.0,5.48
1987,39,6.95,7.09,107.44,6.48,542300000,2404190234,1819790234.0,5.05
1988,49,7.04,7.14,102.04,5.6,581100000,2878711382,2269710010.0,5.96
1989,41,7.02,7.11,110.07,6.22,739545180,4010850351,3264192660.0,4.9
1990,48,6.94,6.78,110.98,6.11,957100000,4600501230,3591774395.0,4.45
1991,49,6.97,7.11,112.43,5.9,862525669,4292977674,3378881318.0,4.07
1992,59,6.78,6.91,111.24,6.36,1128700000,5391148778,4065120535.0,4.05
1993,77,6.95,6.97,111.99,5.79,1514007225,6160418491,4563431763.0,2.82
1994,61,6.94,6.98,111.46,7.34,1414237575,6440006138,4875981626.0,5.5
1995,74,7.05,7.14,113.07,7.04,2051150000,7031337996,4930720637.0,3.26
1996,70,6.75,6.8,111.94,5.84,2001000000,7072147193,5030871860.0,4.06
1997,77,6.85,6.84,115.03,6.71,3091475000,10086061828,6995185217.0,3.08
1998,88,6.96,6.94,112.61,6.22,3033622899,8858837840,5798402463.0,3.06
1999,80,6.94,6.82,113.49,7.27,3528760000,10863518979,7108994894.0,2.87
2000,82,6.89,6.87,109.1,6.77,3537100000,9901046297,6332897464.0,2.75
2001,96,6.83,6.8,113.42,7.34,3738762158,11904366704,8052845261.0,2.6
2002,98,6.85,6.8,111.09,7.44,3840563555,12739709459,8872177972.0,2.48
2003,107,6.82,6.86,109.89,6.7,4266323659,13707809763,9300341312.0,3.76
2004,117,6.87,6.87,110.09,7.45,4718831000,15177332621,10362092241.0,4.14
2005,113,6.71,6.7,110.96,6.3,4766700000,13678236602,8785959596.0,2.66
2006,128,6.82,6.86,108.74,7.0,4980308646,14699826283,9630296102.0,3.47
2007,137,6.83,6.82,106.79,6.32,5569042530,16625569823,11062807486.0,3.68
2008,135,6.69,6.69,107.42,6.35,5710676759,17794770018,12038485793.0,3.08
2009,97,6.75,6.8,110.01,6.89,4681060650,16488607644,11675610087.0,2.38
2010,114,6.76,6.67,107.47,6.65,5237632125,16246057066,10859902926.0,3.33
2011,117,6.69,6.7,108.56,6.68,4863279614,15088342187,10160555872.0,3.85
2012,95,6.84,6.86,110.37,6.89,4677162211,17214544125,12352617238.0,3.55
2013,143,6.77,6.67,108.33,6.07,5581841000,18194957012,12215962357.0,2.95
2014,126,6.86,6.85,107.46,6.49,4433300000,16034122103,11443763083.0,3.54
2015,116,6.85,6.89,111.8,6.63,4854923392,19656500212,14673059792.0,3.09
2016,156,6.93,7.01,107.78,6.17,6069949533,20725849857,14318730590.0,3.86
2017,159,6.91,6.97,110.28,6.65,5686667010,19554869573,13862737087.0,3.35
2018,152,6.91,6.9,110.75,5.93,5144687975,19234932754,13734703281.0,4.76
2019,145,7.14,7.15,111.42,6.25,4784054858,19454725117,14509188943.0,5.42
2020,108,7.19,7.23,102.89,5.34,2118375000,3544120607,1389060012.0,1.8
2021,143,6.98,6.96,108.45,6.28,4483779714,8946848617,4189852463.0,1.01
2022,163,6.99,7.0,109.36,6.48,4482009422,12950351917,8564439742.0,3.37
2023,154,6.94,6.9,112.23,7.86,6010211076,15433613995,9523544974.0,1.95
2024,171,6.87,6.8,110.58,8.04,5089570000,12436862608,7519752552.0,2.96
2025,261,6.67,6.64,108.57,13.37,6156720000,15067591637,8750232244.0,2.4
2026,81,6.5,6.58,110.07,60.22,1548600000,2780905441,1579056105.0,3.35
